"amplicon","n_present","rho","p_value","skip_reason","p_adj","sig"
"cdabba0ee85e45352c5df2e845248e365c26cedb",84,0.387370935811717,3.14574121276366e-27,NA,1.06011478870135e-24,"***"
"bf45cff73df2d252d86e1a0989a8aa4f1bed1135",56,0.323441172324684,5.08495786359089e-19,NA,8.56815400015066e-17,"***"
"798905c86b7d6b4ffd499fd5c90e939eb96f1d00",45,0.299094060663632,2.2917071802987e-16,NA,2.57435106586887e-14,"***"
"ccb0b979e5974e101dcfb101c528df808e1ef123",39,0.297531490928217,3.32766860238939e-16,NA,2.80356079751306e-14,"***"
"3575ca9133f90125d44ca9f71a57c6a0ba162354",44,0.283334415525279,8.89100302174317e-15,NA,5.9925360366549e-13,"***"
"3c8b7aee5034f440020847c8836b52c7bfc6f005",29,0.280061939453491,1.8471389117255e-14,NA,1.03747635541916e-12,"***"
"3d6f870e736ca7b5f840e85eb1229b4daccb132a",31,0.273355417604023,8.02051795713722e-14,NA,3.86130650222177e-12,"***"
"4cf8ef361bcd2d64b0f6b9ec201f971d2a96e527",20,0.266511953808052,3.44347343866774e-13,NA,1.45056318603879e-11,"***"
"3e3e8d3b5d498aa9e81c633c5114d565b84971bb",27,0.26557731443828,4.18819083355752e-13,NA,1.56824478989876e-11,"***"
"309b6ca81f9dc04574733ec6d840e30026fd95b1",35,0.257514158746688,2.19685483526176e-12,NA,7.40340079483212e-11,"***"
"56d6aea5bc4976194eacfd5e13c364e7f6881450",22,0.249861880650093,1.00525790166001e-11,NA,3.0797446623584e-10,"***"
"24165a28485b92cb67706ba18f446a106049f833",23,0.240999226987652,5.49630931664653e-11,NA,1.5435468664249e-09,"***"
"6ecfd4e9e44b8aa6d6a79cabe8a23813a5e6493e",24,0.236502801383616,1.26874282033661e-10,NA,3.28897177271874e-09,"***"
"d4ef046f843d48ffd8e1822957ad9182ac974f17",38,0.232934728283728,2.43466622971299e-10,NA,5.86058942438057e-09,"***"
"8bc72b14c79f81a5a5fa004b77d048430949bb87",23,0.230078327393215,4.07128841956805e-10,NA,9.14682798262955e-09,"***"
"e0090129b24f09bbed27386ca40ef782a73408c0",19,0.229579574257117,4.45061071647757e-10,NA,9.37409882158089e-09,"***"
"0c74a9ed2a836cffaf9d88b6570a9fb947034e89",20,0.227334534288918,6.6291792456249e-10,NA,1.31413729751505e-08,"***"
"dc019af63502cd36f44c8f7dd74c7d584fc72269",18,0.225110347523328,9.79746802864484e-10,NA,1.83430373647406e-08,"***"
"694ef83b2c2a90799eac83418545953ff38df025",18,0.220945987617527,2.01381310598918e-09,NA,3.57186850904396e-08,"***"
"ad8c25f7c26595b6d1e9e8a5ba45e50e134aa244",19,0.21984475132042,2.43072524765093e-09,NA,4.09577204229181e-08,"***"
"6d6f2ad5108ef9cd6d719e2ce2cd5e4d3e57669f",20,0.213578816819227,6.9591107796477e-09,NA,1.11677158701965e-07,"***"
"28e16164e8ddbebeb7b612ac1455b246fddc8564",22,0.207320657987075,1.92785704964701e-08,NA,2.95312648059565e-07,"***"
"6f81f0b3a0172640ef59e0eb6214526fb77e6671",20,0.206863267435056,2.0743538489399e-08,NA,3.03937933518586e-07,"***"
"ae90e7ebcea64dfaa7ac9209aea7b96da534154f",17,0.2058017435732,2.45710770541854e-08,NA,3.45018873635853e-07,"***"
"554a6c3856521af358bfeb677fed5116fda726c9",16,0.205199383613241,2.70384349511599e-08,NA,3.64478103141636e-07,"***"
"eb42eb81ac8e51d8210a47d5518d2a199ce35fd8",13,0.202726141575155,3.99298962840859e-08,NA,5.17552886451422e-07,"***"
"7ec173ad877c0b829b2a6bab089f5ca1746540d3",14,0.202130186800895,4.38309976490297e-08,NA,5.47075785471223e-07,"***"
"4dbd3f74c662a1eefda475f2af57d3b1a13f4077",15,0.198542688326665,7.63658997443753e-08,NA,9.19118150494803e-07,"***"
"062484cb58d32dad5b7f4a312b7ab70a2399b97e",18,0.197369303843146,9.13703813623554e-08,NA,1.06178684548668e-06,"***"
"7419d7f537ad72c465a7a46208fe636420043d25",18,0.196920834314829,9.78265678052177e-08,NA,1.09891844501195e-06,"***"
"cfea60c6a1a52f5024ed4932aad087fc3dd19846",17,0.195656587199873,1.18488163655323e-07,NA,1.28808100489819e-06,"***"
"36b7f18e7751dff300af5f7b80cf96317d98c031",14,0.194113555332982,1.49453197367978e-07,NA,1.57392898478151e-06,"***"
"89f2192e1fb57e1f270ed4b68b9cd03187909d54",12,0.193900318137018,1.54303414647124e-07,NA,1.57576517382063e-06,"***"
"b76b063c0b6b0dce2708f419345b2b5a142b605b",13,0.192960430703823,1.77552821475895e-07,NA,1.75986178933461e-06,"***"
"96d7a527caae97973eb0cfcd31b2d2d979ab45e7",13,0.192284343028115,1.96329912487045e-07,NA,1.89037658594669e-06,"***"
"0eb1ffdadfb08f8313a51e2d486c81e0a0363634",13,0.19203394018526,2.03759117385733e-07,NA,1.90741173774977e-06,"***"
"9daf22cee6b89fda4fe564f5d6653c09f97db274",19,0.190453074376929,2.57313880143456e-07,NA,2.34364263806337e-06,"***"
"21cc6da0b1ae900af3213f49558ea29cf86b52ef",9,0.184471603035753,6.11339799200603e-07,NA,5.42161874554219e-06,"***"
"3f3c51838dbbbacc4ebd3e2d27dab206d46d2481",14,0.182378365895014,8.22167167278036e-07,NA,7.10436757365892e-06,"***"
"95f066eca896004038ff2559be5aa6aa14eeb890",19,0.178658961972853,1.38034680520328e-06,NA,1.16294218338376e-05,"***"
"bd189cc5585e8664815512f685b4e7c8233396e8",12,0.17819556436447,1.47129981626968e-06,NA,1.20933667825093e-05,"***"
"ae45bf49521ed0a73374ea45025cf4d71a982d2b",12,0.177961165054432,1.51946939294017e-06,NA,1.21919329862104e-05,"***"
"85a89580cb1a7e5d33a9628180ff66e7f55f4f2f",38,0.175599472522193,2.09718975576249e-06,NA,1.627983677818e-05,"***"
"da28b9c99741458259a9e7a4b2e02e886707d2c8",35,0.175500317700934,2.12555732415406e-06,NA,1.627983677818e-05,"***"
"3548db4cfc7a7507284ee4a2efdf35d5dd50123b",13,0.173429008961157,2.80945212012259e-06,NA,2.10396747662514e-05,"***"
"9151b723ff405f3e15fb889195d529f430ab114c",20,0.173042056488191,2.9586720413881e-06,NA,2.16754886510389e-05,"***"
"12da3c82fd87c422af8e6818849af0e37563833a",9,0.172827714638507,3.04456373321436e-06,NA,2.18301697466647e-05,"***"
"651b19d87e2c243593ea4cd50cb2368b7ada081b",13,0.172176994746883,3.32019077260717e-06,NA,2.33105060493462e-05,"***"
"b74f86e855031f78e51e5a9cd034d0445e63a5d6",14,0.171101959583221,3.82857989806169e-06,NA,2.63312535846284e-05,"***"
"a004ae3ba65b7aad4f04c6a01f156ead0be36d18",19,0.170879423984979,3.94274233355323e-06,NA,2.65740833281487e-05,"***"
"7c3902be9611b51e180473134a777513c4cbde4c",9,0.170576963015328,4.10313716451901e-06,NA,2.71128867537825e-05,"***"
"8977a879b56466e96f4170ab2c158b5632761303",9,0.169106471954851,4.97601173845707e-06,NA,3.22483837665391e-05,"***"
"dba40f35a7cceeddca783166521dec8962c98baa",35,0.168291161540957,5.53374057403585e-06,NA,3.51862372349072e-05,"***"
"e85b1f537cc6cb3c56bab84b2ba8fe5b8cbce9d7",11,0.167911191951001,5.81361534108728e-06,NA,3.62812661101188e-05,"***"
"aab72d0044a4024940222e6bbe95add9a353ddf9",12,0.167517373573848,6.11793427320448e-06,NA,3.74862518194529e-05,"***"
"0d56544a5b82ac606f6c57a5ef4b00f625c49bc6",13,0.167193978174075,6.37915142653549e-06,NA,3.8388821977544e-05,"***"
"82a60352eec631a1b9385e7f7c65dea81c4f9185",8,0.16594288584709,7.49354260566667e-06,NA,4.43039273352573e-05,"***"
"98007badadea5d5fc6e3a7d1eaa7bee1ecddb865",17,0.165243077292822,8.19552233039552e-06,NA,4.76188107817809e-05,"***"
"426ae0bf03ff4e45fcf8ecbca570eb6224c46676",8,0.164893218369046,8.56956664974882e-06,NA,4.89482027282263e-05,"***"
"01009c3a6824819f6a485fae6c605f24aad7a02b",10,0.163789127123952,9.85969972043924e-06,NA,5.53786467631337e-05,"***"
"9226e2d6a47e33b3b418a8181a8de3826fcc14d0",12,0.162542899327486,1.15380342631372e-05,NA,6.37429106012662e-05,"***"
"a304a43afaff236d3dcffbcc41a48e673a1f5ec9",19,0.162184646233826,1.20687781858049e-05,NA,6.55996491712299e-05,"***"
"8878150daf4da0941ea656c4321a77067e647b3b",9,0.161814036695751,1.2642254161967e-05,NA,6.76260262314741e-05,"***"
"448c3e0fa14bf329073c0bd34268e222afa035cc",12,0.161058370363911,1.38929531067426e-05,NA,7.31550812026915e-05,"***"
"ce4428f96b635d35d22b8615b5294a3667d13aab",8,0.1605036998245,1.48850121935456e-05,NA,7.71730632188443e-05,"***"
"126c55a3537bea90d196487c1660e0fbf17585bb",10,0.160227874577336,1.54030878230811e-05,NA,7.86490999451261e-05,"***"
"1521ca8e466541e08a2cf7d484c5d18af0412405",10,0.159914484353234,1.60125336000199e-05,NA,8.05406540777123e-05,"***"
"c3bd75dcde68a6be8b96050c212980b1bc2f6972",14,0.159101158861677,1.77030196576053e-05,NA,8.77340827148967e-05,"***"
"19d6d50fc81b505690b387959faa08517a66aaff",10,0.157948672947502,2.03912562067664e-05,NA,9.95920774156562e-05,"***"
"73a2b4933e53a6b9a5c2e5f678aeeebb7e1455ad",9,0.157702663730744,2.10132895309337e-05,NA,0.000101163979598923,"***"
"f65fd2255c0ab4a6edb1619d7bbd37ee7cc99d1c",11,0.157255341660441,2.21908045013537e-05,NA,0.000105328184745862,"***"
"83ba9ed19590725b593c2ee07faff750fa6bed2f",16,0.157043575884781,2.27698584243297e-05,NA,0.00010657558734721,"***"
"3f1b10013afeaa027c603c6e5879f725346c70b0",11,0.156439842913714,2.45005146330679e-05,NA,0.000113105115497861,"***"
"876a07fe3508b64e0fd77471227db1c1174271e0",11,0.155651527458545,2.69488360580381e-05,NA,0.000120676860953871,"***"
"7f4bd9b8018f3446177791fa9fee381c6f0b7e64",11,0.155569977583873,2.72149597403389e-05,NA,0.000120676860953871,"***"
"211ccea45454ca25b08cda278ebb47e6fb9d2039",17,0.155229676197071,2.83526259313164e-05,NA,0.000124088765439658,"***"
"5278db863e67ed8bc5adcfeafe8c59e09b9e4127",12,0.154495189682846,3.09637507851862e-05,NA,0.000133779282238561,"***"
"c1287706ebc82e28549aab8bee7d40845f247d63",8,0.152869754529637,3.7575744048322e-05,NA,0.000160291465117525,"***"
"f51158ace9077f5585fdc4e608e57a36e271ddf0",10,0.152193688832171,4.0702234510347e-05,NA,0.000171458162874837,"***"
"844caabe327ebe9038e0b2ba562a26c60bd97912",11,0.151900233223603,4.21346376188715e-05,NA,0.000174804627875375,"***"
"89da917cf8d51c5b6a3f0b86a2627f98f6683e23",8,0.151820087051593,4.2534063756026e-05,NA,0.000174804627875375,"***"
"bcb8160ebf099a80bfb52518cd05efb8b3a977ce",9,0.151310529120916,4.51586321543917e-05,NA,0.00018335492814494,"***"
"4ec1c518a80f25b5f34f7f06ff8199a4bf0c1e66",7,0.150975246551583,4.6968386740941e-05,NA,0.000188432694424966,"***"
"e15f7e0b4eee7ad7c965b1942375827950045f99",7,0.150669422284429,4.86787910841776e-05,NA,0.000192997089357269,"***"
"26fda5d161f185ab57a0fcbe2c42b1cf1bba4f63",7,0.150533500387917,4.94577367664343e-05,NA,0.000193805317328934,"***"
"56244a394b8e48e3a7857a1294fb63ba9f21f053",7,0.150227676120763,5.12536915666329e-05,NA,0.000198534414459256,"***"
"56399e06f8c90950243909fefabf836012716e81",13,0.150041383438529,5.23777418691657e-05,NA,0.000200582943294419,"***"
"1ec5c60bdf09cf0e2cb7827dad8d38aa3db494b9",12,0.149286316126446,5.71768418601197e-05,NA,0.000216501075357981,"***"
"0706455a0152e06ddd8efe89117ed8f8cabdb142",11,0.14915472077629,5.80546575540634e-05,NA,0.000217052627990839,"***"
"23ec2a32daef8caced7376ef8e4228b1d5b27423",7,0.149072340000404,5.86106502883275e-05,NA,0.000217052627990839,"***"
"eff53e179476f6bee92a0560cc0bd06a9f11345d",7,0.148902437629763,5.97732620916124e-05,NA,0.000218952057879058,"***"
"9a26d730d3fc18c78b8af1b558a4513c657657eb",8,0.14848023598509,6.27573884290462e-05,NA,0.000227411181726759,"***"
"1578bf7a574b84796a827e25545e63a19df2a9df",9,0.148159476848465,6.51180124123627e-05,NA,0.000233455001946449,"***"
"41f6e46875bae62de8408bc00f3af69c80ed2f83",10,0.148034145857724,6.60629728287762e-05,NA,0.000234349703613659,"***"
"87e466822ecf678b59068469c45683d6a647658e",17,0.147631788523541,6.91849140956826e-05,NA,0.00024050536226356,"***"
"1186fd73266e28621323a6653bd3a9271cb048fe",6,0.147626661586387,6.92255790491553e-05,NA,0.00024050536226356,"***"
"694ed813427aae4990d1afcd2a444a30702173ef",6,0.146342951485636,8.01492181080524e-05,NA,0.000275615168391976,"***"
"4cfca70b19f772d6c3136be060e17396996c4700",10,0.146125314492738,8.21552700807274e-05,NA,0.000279659858759648,"***"
"2a7bc0dcdb4d6b37376064491dff448a90e0a69d",6,0.145719435150986,8.60235618291466e-05,NA,0.000289899403364224,"***"
"391972d7d719948eda088887a6df2e23745f82cb",11,0.145593709582251,8.72562291366913e-05,NA,0.000291142071475891,"***"
"05594069159b15bdc33fcabc2f9462f46ee1faf4",18,0.145368194250194,8.95091088749632e-05,NA,0.000295731075400614,"***"
"e2b56c41f0b7d1bd32cb428d43e232fed70cd097",6,0.145095918816335,9.23021901724848e-05,NA,0.000301370860591395,"***"
"443cd5319ec57e7bdf65b31cc2968ea25c7ac36e",7,0.145028663579148,9.30046572744959e-05,NA,0.000301370860591395,"***"
"11ace9d5d5d5684e4ed8ca23ded0535674cc44f6",6,0.144509079913134,9.8603913061745e-05,NA,0.000316471606683886,"***"
"74b2e5adc0ecaad2ed780e7c18968ee22dbacd58",7,0.143907307932918,0.000105485484799363,NA,0.000335364229975332,"***"
"cd9e4e3acaa9705d84eaf23401accd0d160dfee4",7,0.143771386036405,0.000107101229468878,NA,0.000337318825523476,"***"
"a4daa29d5ac1af2e2289b52c3e2d989b0cd04a55",7,0.143431581295123,0.000111243136976568,NA,0.000347119788528734,"***"
"6a512b6303afdcf53dc33a0f78ea434802f47f98",8,0.143295514805662,0.000112943564931323,NA,0.000349192489741796,"***"
"c80c69c3b440682793468a4847ef3a3beda23a81",8,0.142786585119338,0.000119523036417997,NA,0.000366175120662409,"***"
"652b6f6268a103eec1502f8e18d9f528d0c00a01",5,0.141649362175463,0.000135551108082661,NA,0.000411538048863574,"***"
"e1bd64858942f24a12f9565840891bd30a5f05e2",10,0.141367481090459,0.000139825440379084,NA,0.000420724762569209,"***"
"8abff777f6ec2c2380dfe25438823544947b34c2",8,0.140528209636275,0.000153314149761313,NA,0.000457228924509402,"***"
"edca9129a899f9c83ffdf90f89c08e791b2c66be",5,0.140083510382707,0.000160947637456587,NA,0.000475783805463771,"***"
"be65de43415e641e0c3626c14a431592e39c3cd2",11,0.139885218355165,0.000164465224544566,NA,0.000481954614534944,"***"
"9642b1b706995c6b899c7afea3daea4d091a209b",9,0.139786680810239,0.000166239949843093,NA,0.000482205204182704,"***"
"59abd0b4a1a71dced4e01810fc145197d6f1fc6c",11,0.13972211860582,0.000167412489285983,NA,0.000482205204182704,"***"
"25e496ab5712120393878d262bfa36525efab1ed",5,0.138156308176238,0.00019834276391256,NA,0.000566453486767227,"***"
"9fa32e61833662774fad85b3b52a0ba82022400e",5,0.1370722569351,0.000222812550352848,NA,0.000630990163604284,"***"
"e7052a8fd7dc39f83199220842bb83c6360b5d82",5,0.136831356659291,0.000228621428309201,NA,0.000642045177835005,"***"
"bedf603e54345ca397ad627e06de24bf73408d04",8,0.136711236988843,0.000231570609478965,NA,0.000642433840888042,"***"
"654c84472dddac14a35680ab746a153aec8e4b22",5,0.136670756475419,0.000232572488392704,NA,0.000642433840888042,"***"
"cdf068763164976310c30bab1ba97cefd4de6386",9,0.135675307845232,0.000258524673496245,NA,0.000708315568847435,"***"
"87367b02ee8331aca96d2ffecb939fdb0235bf05",8,0.13512083171908,0.000274131221597876,NA,0.00074501791676197,"***"
"87a837e9f9489942a610fc61446e574a7f61d163",8,0.134421053400384,0.000295086001869035,NA,0.000795551861038918,"***"
"3249d48e25b89f901fd2370e46a6be4ce9f05741",14,0.134254430607213,0.000300291563787458,NA,0.000798935832945843,"***"
"c9ec841b6d5c5333c30bd7e4079afcb2c3677c03",5,0.134221603671364,0.000301327196896591,NA,0.000798935832945843,"***"
"8f5a4de69f77c87b8ce9133e2836ad45105ea814",12,0.134154538445101,0.000303453372750943,NA,0.000798935832945843,"***"
"ad97634c406cfeb1c924976ad0ad10a7528044e5",6,0.133945979655525,0.000310155264564098,NA,0.000810250574869,"***"
"521737ae2e2f36e572fcaf148efc21e3975828e5",8,0.133562234554712,0.00032284936442608,NA,0.000836924890858377,"***"
"0e52b9227be9dbdc83679211afe71b4aebb56482",6,0.133359140752324,0.00032976238947496,NA,0.000848320040099705,"***"
"fae778482d09a8417cf436f83c2c0e72459d1796",9,0.133154466027271,0.000336868887647021,NA,0.000860036478310955,"***"
"06f5eaf73d7f6602c661dd9dcfb7acb1cebdd219",9,0.132794345767563,0.000349720850815176,NA,0.000886134787403868,"***"
"83c905d62d57cf41259bf754e2f07338fc6ef8df",6,0.131965398357223,0.000381063669337024,NA,0.00095834669079535,"***"
"1320887651b6bbf9bce7fa98db08560f19c823a0",7,0.130824825393562,0.000428486166601644,NA,0.00106536947960737,"**"
"89874ec757836805457b4abeb0d2541da94f214d",6,0.130791720550822,0.000429941392363805,NA,0.00106536947960737,"**"
"49402386497e23c23a6738391bded11a4016adc7",6,0.130388268804871,0.000448050319653557,NA,0.00110213837754196,"**"
"ce1c25b52cba8a6094127b9824c1e86b882b71a8",11,0.130235149852234,0.000455107139119375,NA,0.00111138482524079,"**"
"61cce32f78a61bdef2a49bce374a5014c87eb65c",11,0.12939246781395,0.000495831828132086,NA,0.00120212464806124,"**"
"ae2d0f73e3985a4bfc1133d2c5f842b4268babae",5,0.128560447189862,0.000539346656070011,NA,0.00129039930859502,"**"
"541feb7045f9b82bcd087de55ea01fc995c26347",5,0.128480147097926,0.00054372908552075,NA,0.00129039930859502,"**"
"eac0ca6e1d5d0dc27f755437044152754089bb10",5,0.128480147097926,0.00054372908552075,NA,0.00129039930859502,"**"
"bf88dcb49aad5065b331d0dbbbf57761c8fb4e60",4,0.127441014606018,0.000603508111992231,NA,0.00142225338280687,"**"
"3ae9bed15b9096792557fca2399266df7e55d9b2",12,0.127096514776178,0.000624636915970755,NA,0.001461823893626,"**"
"3db8f073e9f970c9cdc6b3a586d39889e35e2112",6,0.126793880522768,0.000643762603835331,NA,0.00149619308615522,"**"
"ae5c06cc749392b0abea4d7332d583cf234f9bd1",6,0.126573815934068,0.000658009886557548,NA,0.00151883103951982,"**"
"368b32b8449eb4095190c91a70dbc64ecbbdfc19",35,0.126229998826944,0.000680855851242905,NA,0.0015608736181555,"**"
"0fe4dbb3331812503796a119e50eca64ca94e506",6,0.125656880147817,0.000720580463284169,NA,0.00164078119004571,"**"
"b185e8b2f37cb70ee20bdfcf1f749297cc2399b4",4,0.12506355111636,0.000763961417671332,NA,0.00172788589097476,"**"
"f6beae94e84b051d8489952b5a288737e0a12715",4,0.123897248272376,0.000856370921598113,NA,0.00191140329064638,"**"
"523948224be9519f4a9be272e8f83021aff46668",6,0.123896363438215,0.000856444797886062,NA,0.00191140329064638,"**"
"a28db895ff803453f548b25f63af1d9dde9ef7a1",7,0.122975335869948,0.00093662268671022,NA,0.00207659108829832,"**"
"07fa35c7836a64f05655cbf2672b0a752941221a",6,0.122869395357614,0.00094627723687044,NA,0.00208428384853162,"**"
"3424d69d5fdd0876ae17e29a26b4b9f1061d94b2",7,0.121752038801333,0.00105385747434242,NA,0.00230616862891816,"**"
"a98dd00aeb4bfbac1beab4591c3b51b10519e128",4,0.121609500386102,0.00106836539685873,NA,0.00232283315317028,"**"
"94f80da2bb56835ff9e85252bfb35e6acf73d2c1",5,0.121494039099476,0.00108025226255267,NA,0.00233362187487339,"**"
"924a45c5cb38f087301f7c1e54563087f2386aaf",5,0.121333438915604,0.00109698928832385,NA,0.00235468401379069,"**"
"4d0f00bea478fa43845713859a7bd15e078958ae",13,0.121194975941669,0.00111161103728811,NA,0.00237096784535501,"**"
"6100264cb0dd30426fdbb37b49ae7f893e96eed0",4,0.120936633360727,0.00113937393885754,NA,0.00241489948047165,"**"
"0d22f197f379f318e674f7f0ed2a4bcc186432f8",4,0.120577770947193,0.00117900138128469,NA,0.00248327165933087,"**"
"7c4c4024a629c57bc2be5ed93edc3ae85fb666c8",12,0.120507289727332,0.00118693205369753,NA,0.002484447839106,"**"
"4014404e730e5647a3a98938de72d2731e62f275",5,0.120088787490593,0.00123504460710791,NA,0.00256919773207016,"**"
"2314bea7a1ad0b4893a6a7094e49532e577b0f29",6,0.119238329644061,0.00133839966399705,NA,0.0027671207777117,"**"
"c49cf770237d1a2259986f6510f53edb0b8c1059",5,0.118884286111549,0.0013837279854614,NA,0.00284339226280788,"**"
"21f6067785078905cd48885082490f853d3a853f",7,0.118320010914385,0.00145890079166821,NA,0.00297969434419507,"**"
"191045c5eb33722b693c5a86e753ead26411e8db",4,0.118245165259227,0.00146914909879237,NA,0.00298254967646402,"**"
"bc37ec70b1d77a2df73d7c5b585413f700a306ad",14,0.118172874710737,0.00147911035784734,NA,0.00298479156044642,"**"
"ce3e444cdb8357b28d1ce4cf86842d0f61ee2a6e",5,0.117438884456698,0.00158382555562156,NA,0.0031770786443123,"**"
"5b4a9c0f93e0408c6c79f986d07a813b7c6d4fa0",5,0.117238134226857,0.00161362900959513,NA,0.00321770991854176,"**"
"98eb11287ad329a0e3919fbc9a3f174ae1f04684",4,0.117168578018627,0.00162407492369442,NA,0.00321948970167659,"**"
"5f475421a8908739627fb5f1d29185ccd902bd55",8,0.116767554906013,0.00168552125600955,NA,0.00332175826476735,"**"
"f89118da472c0ccef6261488ed30963e2db8241d",5,0.116435133307495,0.00173806611603007,NA,0.00340539698315195,"**"
"dbbeac93698c1fb003cf81a159e723613b4158d8",11,0.115719272160501,0.00185636059744561,NA,0.00361614752219174,"**"
"65145d8d7e18c5ae0d4e7b6ca842af3fecaff612",4,0.114656541123894,0.00204563090502714,NA,0.00396194031605832,"**"
"33076e1fc7ebcac0f4dbd50a72d990686917e939",9,0.114188132349283,0.00213453354578838,NA,0.00411050174246106,"**"
"ad8e36f1355fa82222495268562e2fdcf9987200",5,0.114066280595377,0.00215823306001889,NA,0.00413252580242253,"**"
"932340b2f6097e12c3c1e0bb36bdc82ba0383872",6,0.113993456946706,0.00217251155179432,NA,0.00413636380200387,"**"
"5a094eff2fbb195cdd0954f7522bdc3614f23983",6,0.113626682632206,0.00224574721116173,NA,0.00425177983236799,"**"
"da64266fb83988ac8cb5178a6cfcd7a6407a9671",6,0.112342972531454,0.00252020393154444,NA,0.00474474148005853,"**"
"6e1bfd5f2126486b9ef526daf3914e9d085c8caa",5,0.112018628251004,0.00259423167509794,NA,0.00485697819171115,"**"
"0b257fd1c719179ecc289f09d07c4392d23df9fc",5,0.1118981781131,0.00262222443139346,NA,0.00488226316784308,"**"
"ec8fb8d472f88b70b95ca2ade02c07194e98a71d",10,0.111709369882243,0.00266665857967414,NA,0.00493771396346255,"**"
"48a6a371224cc80380d3404f498818754cf6e935",3,0.11082082475973,0.00288513193214568,NA,0.00524903055154888,"**"
"eb4eae696c27b5e9f313d0fc7e2872badc253d86",3,0.11082082475973,0.00288513193214568,NA,0.00524903055154888,"**"
"0596750091c2ed388c898508097ff5bce68b19ab",7,0.110776345657925,0.00289648526011005,NA,0.00524903055154888,"**"
"b2d480f39e7f2309c4e10f18aaf47079a1381aa1",5,0.110773976825993,0.00289709104625546,NA,0.00524903055154888,"**"
"432bf84d61fd66343f560af79f84da9cf2fb30a0",3,0.110562018536564,0.00295176503048213,NA,0.00531949099076191,"**"
"2533bacc6549479fb7962fc941f5bc13b0813c86",3,0.110406734802664,0.00299241449838439,NA,0.00536406215933798,"**"
"5f9e2e95a7f5cbadf656be6e5cc50f002a5ae331",6,0.110289036370253,0.00302356387271288,NA,0.0053912223550489,"**"
"0a99dcc972a1a7022483057380ee16804119c9c7",5,0.110211876182439,0.0030441445010137,NA,0.00539704864962439,"**"
"4e725924f8833b3a30273d18a5df2fc289eeffeb",23,0.110156990700831,0.00305886140082569,NA,0.00539704864962439,"**"
"e31ce3e6efd177a34241370582e89bcd607ebabb",4,0.109901614144577,0.00312819285831229,NA,0.00549063017318355,"**"
"53aaf43448a0dbed4a662443e3add7e2a88f31eb",11,0.109820497892512,0.00315051221733337,NA,0.00550115345720905,"**"
"2523695e06ab0f9ce6240644dc53ead4d2391ba3",6,0.108381809934851,0.00357120681976474,NA,0.00620359122814803,"**"
"ade88a88b09103c6f0b1241037792a70f8fa5d76",7,0.108295771046567,0.00359791270064628,NA,0.00621793118009126,"**"
"545f01578f7b518438d86c053ace91ad4a12bbc1",5,0.108003623654194,0.00368995149412228,NA,0.00632911415841211,"**"
"2dec2e8d88c7fd5bdcc3414500d9f2dd27bd3813",4,0.107972728671836,0.00369980857331509,NA,0.00632911415841211,"**"
"a6fd036faedb1750ea187ffc2762dcff8ed5a864",5,0.107642273240481,0.00380674497886304,NA,0.00647915685796385,"**"
"e4f1c7ed8b9520e0386c2fadbb2e13d532c4388d",4,0.107479292853227,0.00386051124834631,NA,0.0065376497019734,"**"
"5720286a007834054dc419a9a603d5ae1a03b0d0",3,0.107352821369304,0.00390270681759676,NA,0.00657606098765054,"**"
"aa63c3962bcb69f58dc01e4df79278991b96db3b",3,0.107145776390771,0.00397268777863695,NA,0.00666067552935647,"**"
"086744d3040260222ecba38f1ab44b735aa55255",3,0.106783447678339,0.00409789558756888,NA,0.00683658818322135,"**"
"5edde02f268639a769a5f2189a7553f37887f6f9",3,0.106679925189072,0.00413431987807855,NA,0.00686337831976587,"**"
"1d57ffea982b3b22eed3fd810af916855acc0c1c",3,0.10631759647664,0.00426412514084236,NA,0.00700980571933598,"**"
"e98175548fbd1743a5dadcec59ac3e4dfd3b9fdc",4,0.106178416604169,0.00431495937900948,NA,0.0070344703210118,"**"
"ed6f42720cad719221a9291180f8ae513c296764",3,0.10616231274274,0.00432087642863336,NA,0.0070344703210118,"**"
"2e45b2fb0466016a1ceeb3ececae05077ed30080",6,0.105924422027698,0.00440914412396091,NA,0.00714366139314821,"**"
"8f54d7b658ef3d1f0f0cb26ddb78d7791f9209a7",6,0.105814389733348,0.00445051979919232,NA,0.00717619699678379,"**"
"afe2167174cd8a59c4bf6b1ceb2131efd7c1a19e",6,0.105631002576098,0.00452026008402442,NA,0.00725394118245824,"**"
"76b43336d0598f5dd3ede51d18d70883c08ef5e9",3,0.105541177807141,0.0045547787140188,NA,0.00727469396504424,"**"
"2afb7770ee71c2b729b194c4ce37169bb8ea2fdd",4,0.105460691777103,0.00458591078180313,NA,0.00728986761069649,"**"
"49bc42a79e11172867bdd752ab982b4eaf451aff",4,0.104832682553419,0.00483550673868599,NA,0.00765054352552666,"**"
"dd931a6c9d6010452e2c46285bbf366dc2dfa108",4,0.104742966950036,0.00487214749164055,NA,0.0076724939471162,"**"
"23c69af93c432896178765bc6838591d3ef24b7a",8,0.104648666750417,0.00491093065794654,NA,0.0076975982871069,"**"
"aa106fbd996782e1e9fcb3da5e7c58152a0bbeef",4,0.104384104536503,0.00502123009675639,NA,0.00783404880836529,"**"
"1c1db4a1141f1cdcacb8b91ca3346d8f82289878",3,0.104091862957411,0.00514566353527814,NA,0.00795453491462722,"**"
"68b3e4f99780cd2bd6d0d4524dc27e5717443deb",3,0.104091862957411,0.00514566353527814,NA,0.00795453491462722,"**"
"d1adcb6621cdc9039b8850cb8e6e7c9da5700d8f",4,0.103486948502669,0.00541210494833194,NA,0.00832821629035554,"**"
"2275d52f0540c832538b6fe71c86aec64161def3",3,0.102901354330847,0.00568181214477486,NA,0.00861666707567998,"**"
"ba46e9807e76b369b18e6001cc97183efb8a714b",5,0.102864417770277,0.00569922285112051,NA,0.00861666707567998,"**"
"b9d79ce3a83278e00df06b3333d11ff2dc72ed91",4,0.102858939278986,0.0057018093209135,NA,0.00861666707567998,"**"
"4b2a973b7b958cfc0fc2a4bd5c2ac8c01fc22945",7,0.102858895186055,0.00570183014206717,NA,0.00861666707567998,"**"
"067c4f500fd7dd82cbb73cdd80778aba63163c39",3,0.102797831841581,0.00573073066207748,NA,0.00862167961214336,"**"
"dc2ac1aa9cac635c5729fc8e0a573821b46aa225",10,0.102735013464771,0.00576059931944743,NA,0.00862809764735014,"**"
"a3e3fb632c9bda126de2534ae6e83e138602383e",6,0.102440066039945,0.00590272123828796,NA,0.00880184538629665,"**"
"80044e4d295eaddd996021961cb1fd658e2e8786",6,0.102256678882695,0.00599266952982552,NA,0.00886446740636717,"**"
"cc3bb0f4141ba4386b6857001b02b11e13208ac0",6,0.102183324019795,0.00602899258278296,NA,0.00886446740636717,"**"
"ed47f5177b3246ba3208d0beb146109fe1cb0e79",9,0.102154113670686,0.00604351165756121,NA,0.00886446740636717,"**"
"626ffe7cd080221d37d7f8c95234bdba73906119",4,0.102141214451919,0.00604993324470163,NA,0.00886446740636717,"**"
"f0a5caec4a190cf3443a0ef62fb9d8dd2dd2fdeb",13,0.102064198747571,0.00608840158975872,NA,0.00888221357466965,"**"
"1cb7aaedd1c2cf6e41cfb4b675623112d1e468f1",3,0.101193233257951,0.00653899151958287,NA,0.0094984488883596,"**"
"33b1e4fc8aa7aa525761ca005a58cea95ee5f156",21,0.100396783019816,0.00697699235666214,NA,0.0100911863699362,"*"
"d7fe478e3e56f3f1c1529cae3b0a4a76912fe203",3,0.100002724631387,0.00720327680823124,NA,0.0103739499332219,"*"
"5a018ea840d107f3e123794356f0c8e5fc6f3de8",4,0.0999431821690278,0.00723803430048969,NA,0.0103796491883618,"*"
"e181d50bdf43f94f4634d48ae9fdd5f6b0471c5b",4,0.0984180169115113,0.00818109343033431,NA,0.0116515060213565,"*"
"0c6b1d112cde7b45bd961da9abd892e728609d7f",3,0.0983981260477567,0.00819408583697769,NA,0.0116515060213565,"*"
"0eb8d815981882bedaa98cc0906ca0b501168ec7",6,0.0982221614231913,0.00830982820159841,NA,0.011766437411507,"*"
"9e70c2e95e1f3ddf9a0db9f204348605e4be2272",4,0.097655434282753,0.00869258264644837,NA,0.0122569052378791,"*"
"10732f78d32d54c69fe8e06f0503c8db3869bed7",3,0.0974146623997255,0.00885989878781606,NA,0.0124407745478917,"*"
"12a04dcb7ec7200d842a67889834a477944cd3bb",5,0.0971631112428064,0.00903776650269799,NA,0.0126313911719653,"*"
"1d755b4324670f35feee22e7aab4108b1c14f376",4,0.097117140662453,0.00907061324515018,NA,0.0126313911719653,"*"
"101461c6795132c5c4575b37fbfa2aa9f6edd144",3,0.0968970499533933,0.00922934981892618,NA,0.0127995509834491,"*"
"62a6aa78d17861e0fbfd1f60589f1b7fc4670d44",6,0.09682841902809,0.00927935219207915,NA,0.012816154462011,"*"
"748df75781cc872b7c8b678c6123b0890e58a3a5",4,0.0963545580336947,0.00963122463518075,NA,0.0132478477634935,"*"
"27a9da14592ea43f45a9c4d7d5de2e5697ad620d",11,0.0962288521137357,0.00972653971584773,NA,0.0132798396786489,"*"
"13d3ea4a16d2dd505762c8514bfbd2120b170bbd",4,0.0962199846286197,0.00973329495734804,NA,0.0132798396786489,"*"
"c6f1a6ed4fdcb3a16d7eee2acf1036367b4b853a",5,0.0959987599097314,0.00990317992035737,NA,0.0134571436820985,"*"
"b4f9563464a5700de9fb3b5ed78aada6b55f1f35",4,0.0955919754049364,0.0102224538200634,NA,0.0138352085837806,"*"
"3f8311070e0fb9d341ad9820aea537f3fcb56409",4,0.0952779707930947,0.0104751270745733,NA,0.0141204712965249,"*"
"6b0f5ee180857941a3fc18fccc3c9aadfab72519",4,0.0947845349744864,0.0108833957196809,NA,0.0146123679582966,"*"
"cce5d4d897703473cd2392bff8f2a5b8d2553197",3,0.0946713164341647,0.0109790400633181,NA,0.0146822877037231,"*"
"3d42e6a741552a14eac846fd813a95d475d054e8",8,0.0940247595483992,0.0115396505996972,NA,0.0153709970438654,"*"
"0d3b41adaccadb52825296fd754c9d7b0571718c",12,0.0926398162005875,0.0128265191989226,NA,0.0170178620867596,"*"
"c5f168a3d729e3053aa1a15de37bb03a4a05decb",4,0.0912856264425366,0.0142057112581601,NA,0.0187738223294116,"*"
"a5529c2c4a76739f0e37395228e5b4feb12a5739",4,0.089625887779945,0.0160729434074364,NA,0.0211585231574455,"*"
"7c4015ba9b08155c2b79edb9c25f603198a28721",3,0.0888222957906105,0.0170519692551866,NA,0.022359975249019,"*"
"7eacffa112366fed879e82d2ba6cf3f56572bdf8",3,0.088718773301344,0.0171818137678025,NA,0.022441155280113,"*"
"3868d79fc75c200e19a55d17665c6446b7e90103",3,0.0886670120567108,0.0172470599927278,NA,0.022441155280113,"*"
"204b9d96aa80f128cc33d896ba4d22768b44f042",4,0.0884147271342701,0.0175681848026683,NA,0.0227710703019201,"*"
"cdd5eca14534d1a0da8729ae6ac07e07c075a008",5,0.0874066500725577,0.018904108417431,NA,0.0244087530140776,"*"
"e18b3630292a05852368b3cc32c281319fcd7e80",4,0.0873381398936702,0.018998034595019,NA,0.0244364032767993,"*"
"3d990df771b414a5032de6c4f2b0a9ea44474540",3,0.0871141747177141,0.01930793387488,NA,0.0247405844708539,"*"
"ff05622d8502779a7a7a7738d712a64170e673fb",3,0.08592366609115,0.0210303104883442,NA,0.0267442061681962,"*"
"2498d51a05d45a4bff074f63ff029ced97cdeb9d",3,0.0857166211126171,0.0213431137948266,NA,0.0270381834310706,"*"
"b9a9ced860d812d9318f20ed5b1a2d3d75c5bdd0",3,0.0856648598679839,0.0214219435492458,NA,0.0270381834310706,"*"
"914d5c1bb15e56c96177da8d2d1f0c50d15faa04",3,0.0842673062628869,0.0236481045940396,NA,0.0297366091350423,"*"
"1902fa2e177a4e3f74917751f12decf7693254c2",4,0.084153235973562,0.0238383462465475,NA,0.0298351178984797,"*"
"3b0b2622559f876610ad381ae908d3f1221ceafb",5,0.0841143463031733,0.0239035069216306,NA,0.0298351178984797,"*"
"854c5a6ed15e2473e29a557111ba0c48b41fcaf5",4,0.0828972175261954,0.0260222239590245,NA,0.0323597397571632,"*"
"2a7e11cd0864d71b2b091496b95beb280342d97c",3,0.0813169153187932,0.0290133820135878,NA,0.0359467269800702,"*"
"d76593e11fb2599e3833ee62cdce08a0c834f8ce",3,0.0811616315848935,0.0293226384393321,NA,0.0361968100881132,"*"
"a521e726086ded5f7a022b645d6d8c6845534f4c",6,0.0805436394642749,0.0305816074309248,NA,0.0376073947129533,"*"
"3ef78a4acc8ed7d4cb6f29fe85e6fcb69163b65a",5,0.080460692120076,0.0307540635620433,NA,0.0376073947129533,"*"
"86c38d34ea630d9a8e9aa8d25a100036a5df62c3",3,0.0804369741600284,0.0308035286026154,NA,0.0376073947129533,"*"
"2038147655605714c65f7fa528c6e5f8679b1577",3,0.0803852129153952,0.0309117161290447,NA,0.0376073947129533,"*"
"c819b5bdf983ce19c7fd62d542ba720a3345605b",3,0.0786770918424988,0.0346690495297579,NA,0.0420268693939871,"*"
"40c3c032f858031d2cc88cb48d0abfb3b3b7e7f5",7,0.0780191685983423,0.0362167343043583,NA,0.0437456611489919,"*"
"759aa16c670b3514ee8f179dad6ba5086139ad95",3,0.0779524344176337,0.0363769517963957,NA,0.043782259840662,"*"
"a0b5dbe99133b4fa055d28bb21c0871ff4aa2199",4,0.077873143736729,0.036568098519189,NA,0.043855691106643,"*"
"373b94a21b49d4cbc15190c0b2f7b365fbebc7ef",3,0.0775383444605679,0.0373846449337839,NA,0.0446700741520602,"*"
"3f4dd9ba357a7828fa1fa42a97614bab74d58577",3,0.0774865832159347,0.037512258115825,NA,0.0446700741520602,"*"
"55ce2fe387babf71d43e2ad075ba7541112a22fe",3,0.0769689707696024,0.0388088609548176,NA,0.0460513596541321,"*"
"ea22b3a5ef588c26ce8f9d4dc61cfb25447aa575",4,0.0768414142978208,0.0391341590111434,NA,0.0462744266201941,"*"
"81205e2e6abd3a667d6489b85e62bcf6452288c8",3,0.0761407908554709,0.0409623927305679,NA,0.0482668753503545,"*"
"506feb4b15737984eb17c90e326ec992ad675949",3,0.0748985209842735,0.0443816356959443,NA,0.0521136279774677,"n.s."
"dc4403500c35c17971d81d37d98692cbbd967847",4,0.0739256571878626,0.0472244015941986,NA,0.0552591088098782,"n.s."
"77523b2ea8f4772590cf0ff114944930961957f7",4,0.0735219369726376,0.0484481756168239,NA,0.0563257711182677,"n.s."
"f437e7e310288f236c4d105249836f97516b0303",5,0.0735147341675944,0.0484702481433164,NA,0.0563257711182677,"n.s."
"80c1cb57e7f274a885bda654ee72ae704a21ff46",5,0.0731132337079134,0.0497140163525314,NA,0.0575725893842031,"n.s."
"268f00cae950bb1c985ec532ec0f87dd569b1303",8,0.0712819641907857,0.0557305515532694,NA,0.0643191639501774,"n.s."
"11d50e42fb7cfa8aee3c8657af56b92355c0096a",3,0.0710164276367818,0.0566512560257926,NA,0.0651586118794952,"n.s."
"f8a547df823d05bdcda25b45ac0f03bffe4facf1",4,0.0709201844745211,0.0569880672546202,NA,0.0653230566830171,"n.s."
"b4c1dcf1a3293013bd9e2cb0636412d23b85a418",4,0.0698884550356128,0.0607042233817128,NA,0.0693468585750414,"n.s."
"eca5e1764f66f33fd06ba4a222b4b307456908fa",3,0.0691012615853526,0.0636724761456535,NA,0.0724919745306934,"n.s."
"4768eefa06161fe5266720695cf8d814479a13f8",11,0.0687193610574926,0.0651550327327375,NA,0.0739301213162711,"n.s."
"6851ff3dc07afc0a0a156b6957f8f63baff14ba4",3,0.0669790505553904,0.0722749375500357,NA,0.081733738101886,"n.s."
"945d9eeaa12312a56d4ebb474913354f75958648",4,0.0654475326681381,0.0790551669969737,NA,0.0890720626937719,"n.s."
"e4555c248e972c02d421de758db20a2e0515f729",6,0.0653958602754108,0.0792926374128533,NA,0.0890720626937719,"n.s."
"bd905292af7e7331fc537b403a98fb22f10d988e",3,0.0649086007700615,0.081560512460797,NA,0.0913152581371714,"n.s."
"558b6b75b00f906ee7f5321a9c2616c50d332f3d",5,0.0646415740086439,0.0828254546565705,NA,0.0924244311896167,"n.s."
"922ea959eb91a6ad4f22b282eec16ecf94be4684",5,0.0638385730892819,0.0867252180882096,NA,0.0964567607119691,"n.s."
"3b3cd20a1f60ed1f0c466fdd6c2c789de9c4b897",3,0.0633557634310648,0.0891403233452088,NA,0.0988167400241295,"n.s."
"7a3719b353512316d42565304342233bac0b6324",3,0.0629934347186323,0.0909880360841949,NA,0.100534321837291,"n.s."
"a16e04dbbf249da966f5c74d8c90726b616b1127",3,0.0627863897400994,0.0920575938344478,NA,0.101383689941859,"n.s."
"bb62dcc9829371bb9cb7f24be4a2291ff46935ee",4,0.0626663489632549,0.0926823044014043,NA,0.101739207111639,"n.s."
"36d13107059e3c6a593b7eb721417ae3a2a1fde7",8,0.0621212298369498,0.0955620383584411,NA,0.104559762749333,"n.s."
"d8deecf79e0a5d08a3b54344ff165ffc411cdade",7,0.0616065995944227,0.0983458903637745,NA,0.107257492079586,"n.s."
"7a252db95ffc5d5c93d9624daf9198ea352bfb9f",4,0.0606028900854383,0.103961084445952,NA,0.113015759542857,"n.s."
"8c0b6f088024757d1844d987227b81b74333b88f",4,0.0589431514228467,0.113800865864571,NA,0.122936236805582,"n.s."
"a4a5da2067a04e207e3760c9b23deb282fbd659e",6,0.0589406323402048,0.113816337932764,NA,0.122936236805582,"n.s."
"36a354e8f61b6909f2364c10352c9e455dab6b37",3,0.0577655490106768,0.121215635140432,NA,0.130094487395941,"n.s."
"ec79f4b9827f205652e6bd4d4bb6a6c2796968e1",7,0.0574270012766544,0.123415654338512,NA,0.132035160355805,"n.s."
"549e83fa725fa8a1816fe6e8617df698252493a4",4,0.0558031053044303,0.134403499977049,NA,0.143335378140081,"n.s."
"307f2efc387758906854289f97af73d2e81be5f1",4,0.054905949270597,0.14078957781479,NA,0.149672201020771,"n.s."
"103ff9bb4cb8da9b07f194f6d422f075f99f1f47",5,0.0517534092528832,0.165084397150251,NA,0.174947930313316,"n.s."
"7140debca063b21db7e5b46b14fa265c73ba95f6",6,0.0498446293405964,0.181252319168184,NA,0.191479722757611,"n.s."
"841b28a569786ef6c289437903c138a2c63ba811",5,0.0489830560810842,0.188922830150476,NA,0.198959355502221,"n.s."
"76eb5a970fe3abc605ec45a4adcf8334bc484871",3,0.0481897187535305,0.196194667933756,NA,0.20597384141332,"n.s."
"977decacd7223859db5e8a7c571241b01f3826c9",5,0.0472164540584877,0.205392645888612,NA,0.21496062628715,"n.s."
"6f2238c348eac0c23dc7a09f19078b3cf87e12b5",3,0.0461192689682016,0.21613221476909,NA,0.224804186349331,"n.s."
"1db382e73aa2589f2c93a0bd8d626c9e54b57c5b",3,0.0425995043331424,0.253291077876165,NA,0.262643363828515,"n.s."
"d8fa0b88842f6d1d0c3c5d3a8212feea22ee44da",3,0.0422889368653431,0.256771013858054,NA,0.265435066472896,"n.s."
"4233c0f828bfeaf7ee348e2ad0b39f00333cdfa0",5,0.0331639379696521,0.37389608480366,NA,0.385330215837411,"n.s."
"1355f4d89e7d9cb2fe9ad9e854da6746a2e57e7c",3,0.0330236740759962,0.375921384035084,NA,0.386236300060437,"n.s."
"6d6331aa11ecabefd4d6d0e9d23b4acb3c39a848",3,0.0319884491833317,0.39107736653377,NA,0.400586846571066,"n.s."
"91099f392206e7058e06a8c16dda6a8ee6f3938b",4,0.0277221214454485,0.457342291919778,NA,0.465632484522554,"n.s."
"6e3e6708a830933c618a17ff607baf37957b1239",3,0.0214809165227875,0.564710309224568,NA,0.573214982556263,"n.s."
"ae33e9da68828c38b63e2f5a109dbdd839fcab0e",7,0.0129125801687152,0.729241824002216,NA,0.731412186573651,"n.s."
"f7796bbe0fc04e1b1f53ff54befcf2ad8e9a4062",9,0.00216072155825187,0.953814030855413,NA,0.953814030855413,"n.s."
"f40c914c9f7a9ea799f505cf9be968007247ecae",3,-0.0166153595272646,0.656028526167311,NA,0.659945114383235,"n.s."
"a28d66e3d5782fbd82d7410d7b4097a007fd3679",7,-0.0197766359426112,0.595999836618455,NA,0.60135312856413,"n.s."
"435c43f3e341fde30eb0be6275d4df31ff6fe451",8,-0.0202299550313876,0.587600503951263,NA,0.59465876826299,"n.s."
"d9b70a12a0768a74dca36f90c83ebbca84cb46ca",3,-0.0303838505997018,0.415288284825748,NA,0.424097430261445,"n.s."
"d746a34ddcda10f88dbb317ccff351af61dd18e3",4,-0.0468764027677891,0.20867894988063,NA,0.217723857924991,"n.s."
"5e284778d802d07dcf7d88cc80657ec29b8e4ce7",4,-0.0585394312076218,0.116301659662678,NA,0.125219358806142,"n.s."
"51022342cd170898d4376accfb985d2f0c7e2f51",9,-0.0866989525248562,0.0198941510733497,NA,0.0253951852716623,"*"
"c4f621b688efe53dcfce12c262c150e0742d650c",9,-0.106445546765547,0.00421787121273075,NA,0.00696775783671698,"**"
"1804c2dd4a017fb036fa2358eb5038cf85fb21f1",17,-0.156305677630606,2.49017192610053e-05,NA,0.000113403775553497,"***"
"001e89a898715abdafe740852f8a3b6e04d854c3",1,NA,NA,"fewer than 3 occurrences",NA,"n.s."
"052c530f53728b0a3e4484bc98bc17cd9bf69ad0",1,NA,NA,"fewer than 3 occurrences",NA,"n.s."
"058ef9ee82419b0ca810d86a1b46949e58449626",1,NA,NA,"fewer than 3 occurrences",NA,"n.s."
"05ada37554f78a86641d76ec6be4ffa14074257b",1,NA,NA,"fewer than 3 occurrences",NA,"n.s."
"065ec34c5df7889cb2b26c53248f563576abc7eb",1,NA,NA,"fewer than 3 occurrences",NA,"n.s."
"06e08b9e3148ae953cc26ad7091ad4e6a6cfe137",1,NA,NA,"fewer than 3 occurrences",NA,"n.s."
"075d44296c5023ca2ea1e618406dcb1d4f65f179",2,NA,NA,"fewer than 3 occurrences",NA,"n.s."
"08f53e3f7d2e4feea81d5f80778dce7e084198c1",1,NA,NA,"fewer than 3 occurrences",NA,"n.s."
"09cdc391dcc07ff1943912610a34329fd4215f9c",2,NA,NA,"fewer than 3 occurrences",NA,"n.s."
"0abfc90829ff45df85584346a13c754df495eff5",1,NA,NA,"fewer than 3 occurrences",NA,"n.s."
"0ad863fae52a656f92e40896da21b65a2aa02fd5",2,NA,NA,"fewer than 3 occurrences",NA,"n.s."
"0b40bd39744e99cce7bae7120164f2dd86ed8587",1,NA,NA,"fewer than 3 occurrences",NA,"n.s."
"0c18c4c07adc4e14d061f4e7fc4e5068c64c0865",1,NA,NA,"fewer than 3 occurrences",NA,"n.s."
"0c33b950394dc77313cd2953eec224aa07a011b1",2,NA,NA,"fewer than 3 occurrences",NA,"n.s."
"13602f514c749cf95bbd2598516f7b43133df415",1,NA,NA,"fewer than 3 occurrences",NA,"n.s."
"139370d4779de6ec7f9a0022c0784b4986b12010",2,NA,NA,"fewer than 3 occurrences",NA,"n.s."
"14d6096e09cd00aec8dfc41da5f88e4581cb7fb1",2,NA,NA,"fewer than 3 occurrences",NA,"n.s."
"151e9102bea0154d134eca18491c190f4304488e",2,NA,NA,"fewer than 3 occurrences",NA,"n.s."
"16b0d5e035ac45a5b2a393f25a0df99c04ccde51",2,NA,NA,"fewer than 3 occurrences",NA,"n.s."
"180d82a613317cebf65f0d2a95a6d417c8b99ae3",1,NA,NA,"fewer than 3 occurrences",NA,"n.s."
"1b771fc717f3e106d3fef54e2a735801aa3468e8",2,NA,NA,"fewer than 3 occurrences",NA,"n.s."
"1ce0355b150be3f0c597fb86d8e86c8190bc83da",1,NA,NA,"fewer than 3 occurrences",NA,"n.s."
"1e38fda22b0d2a541c07b7d039e02d50d27f5fbb",2,NA,NA,"fewer than 3 occurrences",NA,"n.s."
"1f2ff0318e269f4facce14a72eea400133202b62",1,NA,NA,"fewer than 3 occurrences",NA,"n.s."
"1f5033071ce77dfe293163520806306f26bb2ce9",1,NA,NA,"fewer than 3 occurrences",NA,"n.s."
"1fe26c2e135e28a09372ba67016e44a5bda7278e",1,NA,NA,"fewer than 3 occurrences",NA,"n.s."
"20d4aa6bb8ab4eabe292c57f24a95a6ac1aeedf4",1,NA,NA,"fewer than 3 occurrences",NA,"n.s."
"2227620551adbeaa9a77ba994872dc396292eaf8",2,NA,NA,"fewer than 3 occurrences",NA,"n.s."
"2368ec4c23e877928f1379ddeb2a2fbef8eb939d",2,NA,NA,"fewer than 3 occurrences",NA,"n.s."
"23ddb79d1fdf41a5a90dc34bb60f428c6033747c",2,NA,NA,"fewer than 3 occurrences",NA,"n.s."
"24034ca928e92ee40d975a7e59f3e5d01e7d6240",2,NA,NA,"fewer than 3 occurrences",NA,"n.s."
"2512b6693dd76af0ba91662826c6c506f9af5b65",1,NA,NA,"fewer than 3 occurrences",NA,"n.s."
"261ede8ff835e1aecce53a485963c02fcac3f39e",1,NA,NA,"fewer than 3 occurrences",NA,"n.s."
"26848e9bc0235e06b803e11b7af240ebd18c01da",1,NA,NA,"fewer than 3 occurrences",NA,"n.s."
"275fc5b903634faf0ed08a9d6b410b7e7af5e617",2,NA,NA,"fewer than 3 occurrences",NA,"n.s."
"2765ff7769009f9f64da1bd65a95a8dc34842fa7",1,NA,NA,"fewer than 3 occurrences",NA,"n.s."
"2825d0a4897b4fe253f23913576d708ee7c1a8ea",2,NA,NA,"fewer than 3 occurrences",NA,"n.s."
"295a1d2aa69e6892698cf5a87b0f4eb9a689e509",2,NA,NA,"fewer than 3 occurrences",NA,"n.s."
"29e35024d4203c831fb14b03a8740a317417b204",2,NA,NA,"fewer than 3 occurrences",NA,"n.s."
"2d772633a85276466ea73fd06f809c1314927c4b",1,NA,NA,"fewer than 3 occurrences",NA,"n.s."
"2e3ed214cb4990d1365ca33ba21d216cdd79e36d",2,NA,NA,"fewer than 3 occurrences",NA,"n.s."
"2e72bba00077e5b63b69d9bc4008d55deced9367",1,NA,NA,"fewer than 3 occurrences",NA,"n.s."
"2ee4b9d8ae29905db73a79a64df19b1f4f401545",1,NA,NA,"fewer than 3 occurrences",NA,"n.s."
"2f789ecc872b56afaab74965bf51836c22bc4e98",2,NA,NA,"fewer than 3 occurrences",NA,"n.s."
"30dab2f08bf629e255a761fe92e178b59ba61494",1,NA,NA,"fewer than 3 occurrences",NA,"n.s."
"3198ce17bb98df7d99a8c7036f9685d32e2af726",2,NA,NA,"fewer than 3 occurrences",NA,"n.s."
"3213cac6c301cb76fe5b16a7f83b767df1c6f0dd",1,NA,NA,"fewer than 3 occurrences",NA,"n.s."
"336bc285f924da30ba48ba1c641e0510688457a0",1,NA,NA,"fewer than 3 occurrences",NA,"n.s."
"3593cc89e3a9b956cd4c7460bffc247997142091",1,NA,NA,"fewer than 3 occurrences",NA,"n.s."
"35db77dc083382987678e6cad69310a435503ad7",1,NA,NA,"fewer than 3 occurrences",NA,"n.s."
"365685517091c76e7ecb6188d4a10f12e0761ffd",1,NA,NA,"fewer than 3 occurrences",NA,"n.s."
"36590d381513e8129d52f03fb85499d105e8e3a1",1,NA,NA,"fewer than 3 occurrences",NA,"n.s."
"3783ff9b9f4240ec9f286fe138e9f54f0c67f7f2",1,NA,NA,"fewer than 3 occurrences",NA,"n.s."
"3acc1071a9d1b2c780182579e39b4d5918a5d46d",1,NA,NA,"fewer than 3 occurrences",NA,"n.s."
"3b7f76f2758dcd0e089565302775b5e8b7b03078",2,NA,NA,"fewer than 3 occurrences",NA,"n.s."
"3c18c2e3593bce3b5ea06efc2edfe3a43d4628af",2,NA,NA,"fewer than 3 occurrences",NA,"n.s."
"3c35f2fae0e5445573f1927eeff9deb70604b321",1,NA,NA,"fewer than 3 occurrences",NA,"n.s."
"3f98aa366211e8ca878ded3183d02bb01ca2348e",2,NA,NA,"fewer than 3 occurrences",NA,"n.s."
"4279104608bb57abb4167c1db06bbcf663c4ef1c",2,NA,NA,"fewer than 3 occurrences",NA,"n.s."
"42b7c4b8198ab86e878ac7783d32ca6aca1c8e19",1,NA,NA,"fewer than 3 occurrences",NA,"n.s."
"42f7437e76144717b12ab08fc5e8c6af8887746b",1,NA,NA,"fewer than 3 occurrences",NA,"n.s."
"455ae76b3a5b0dc460def5cf35802182bdba1468",2,NA,NA,"fewer than 3 occurrences",NA,"n.s."
"45b257f10ca2dbee526dab2060ae1ce190af093b",1,NA,NA,"fewer than 3 occurrences",NA,"n.s."
"45b5ab2e5e1ac4f4cd1a06f1d6bf8e9933682edd",2,NA,NA,"fewer than 3 occurrences",NA,"n.s."
"46710b5a775b5fbd6af4122885dacc9a1e27739e",1,NA,NA,"fewer than 3 occurrences",NA,"n.s."
"4710d65c8e860a1f7f7e47aef09d8c65b1b57535",1,NA,NA,"fewer than 3 occurrences",NA,"n.s."
"47bf5146920e32a39ab2e1d4b84c5ed676739ee9",2,NA,NA,"fewer than 3 occurrences",NA,"n.s."
"4834ba207e6f10aee928e63c8acfee0058fe97f0",2,NA,NA,"fewer than 3 occurrences",NA,"n.s."
"49330da1f6d4467ea2d52097cc61b307368fea2e",1,NA,NA,"fewer than 3 occurrences",NA,"n.s."
"49b15f6538a06cdc3a9b3fd3c1325c0239f367cd",1,NA,NA,"fewer than 3 occurrences",NA,"n.s."
"4b6388f7c05eb76bed8dbf39505f55a84329e244",1,NA,NA,"fewer than 3 occurrences",NA,"n.s."
"4b8bb594cafbac92e00427e2fa28e74279c81125",1,NA,NA,"fewer than 3 occurrences",NA,"n.s."
"4e9fc23af21d8dc06ec9877e9af20674fd531891",1,NA,NA,"fewer than 3 occurrences",NA,"n.s."
"508a01498c1c04f56f92f0198d556f72468c3c00",1,NA,NA,"fewer than 3 occurrences",NA,"n.s."
"50940c7030b58092a8355109bd4083bbc82f6527",1,NA,NA,"fewer than 3 occurrences",NA,"n.s."
"52594335770f64b11bd29f3d9ddfc906c1312a25",2,NA,NA,"fewer than 3 occurrences",NA,"n.s."
"53275d8385d26a04258ad585a313299213b7f160",2,NA,NA,"fewer than 3 occurrences",NA,"n.s."
"55989ec3d83c5650c18d7cfd9242fc75568ce826",2,NA,NA,"fewer than 3 occurrences",NA,"n.s."
"564447a5bd639865bebf9c4151d80443db0561f6",2,NA,NA,"fewer than 3 occurrences",NA,"n.s."
"5745950352f2a38a4ab39b5edacc05456c39a1fd",1,NA,NA,"fewer than 3 occurrences",NA,"n.s."
"589928eef3afd2c0aede36300ee2a9c12910e98c",1,NA,NA,"fewer than 3 occurrences",NA,"n.s."
"5be2730801dabf9c585888244837f078cf881f41",1,NA,NA,"fewer than 3 occurrences",NA,"n.s."
"5d9583bcf9948d2d0087f627e05fef643bf37029",1,NA,NA,"fewer than 3 occurrences",NA,"n.s."
"5e4e6c424d3a01f9461049585091e57695e7b519",1,NA,NA,"fewer than 3 occurrences",NA,"n.s."
"5eb8d9b3def90b0f0e5cde21fab1211536200397",2,NA,NA,"fewer than 3 occurrences",NA,"n.s."
"5ff9c2a4448ad9019a597ae1102dfb1a1a215016",2,NA,NA,"fewer than 3 occurrences",NA,"n.s."
"61184ef4726b2c25ac14de363a49927a71c799c6",1,NA,NA,"fewer than 3 occurrences",NA,"n.s."
"6450cf2051df7300e7d6fd0e86520d71b0a0dc7e",2,NA,NA,"fewer than 3 occurrences",NA,"n.s."
"687bb77cdba448142a34a96a0074cd363545235c",1,NA,NA,"fewer than 3 occurrences",NA,"n.s."
"688da8a4cd9ad33733a3fb054c2714b50c364b18",1,NA,NA,"fewer than 3 occurrences",NA,"n.s."
"69c8f906e78c8a6bd5be5311e44f3fa5333773a5",1,NA,NA,"fewer than 3 occurrences",NA,"n.s."
"6ba6263092dbf1d4d30652cde7a7f951b4f5e77f",2,NA,NA,"fewer than 3 occurrences",NA,"n.s."
"6f09658ed86aec06baab2affe726591f4b87478d",1,NA,NA,"fewer than 3 occurrences",NA,"n.s."
"700e09a44563f8d5c977fbf574b91cea03663c36",1,NA,NA,"fewer than 3 occurrences",NA,"n.s."
"70c4e9789a1e0d890afd4210a12513a469cac284",2,NA,NA,"fewer than 3 occurrences",NA,"n.s."
"70ebbac6fee4a8603d95710a8ffbedda1b383ed4",1,NA,NA,"fewer than 3 occurrences",NA,"n.s."
"7154eef70aec2a88d935f53e0585419b821c0046",2,NA,NA,"fewer than 3 occurrences",NA,"n.s."
"72e8cfe91b622bfe1d79e44919a7e2aaaf5bed53",2,NA,NA,"fewer than 3 occurrences",NA,"n.s."
"73aabb2fd7d6139da45c8c44458fb38a46488d5c",2,NA,NA,"fewer than 3 occurrences",NA,"n.s."
"7455d76f7d4952cdf11f72579247cc7d8a44448f",1,NA,NA,"fewer than 3 occurrences",NA,"n.s."
"74cde0b1d33aae1c8cd3963764925764c2c79329",2,NA,NA,"fewer than 3 occurrences",NA,"n.s."
"7a5f1a86ed99ed48fb5ea83063256f593ddacf57",1,NA,NA,"fewer than 3 occurrences",NA,"n.s."
"7b449ca060270baa0fd34cc458aad5a8160f1c45",1,NA,NA,"fewer than 3 occurrences",NA,"n.s."
"7baaf0769b4747f85701c41cba10feed80b2defb",1,NA,NA,"fewer than 3 occurrences",NA,"n.s."
"7c19a39960c400a363023ad25c28763b8319d656",2,NA,NA,"fewer than 3 occurrences",NA,"n.s."
"7ccdde4ad29925b3179ebbc3fb2c57529c42597c",1,NA,NA,"fewer than 3 occurrences",NA,"n.s."
"7d39714346c04662757651da17f973a1415f917e",1,NA,NA,"fewer than 3 occurrences",NA,"n.s."
"7e4604b24c1584295c1e100948c2761c757b6c38",2,NA,NA,"fewer than 3 occurrences",NA,"n.s."
"7eddd378e7219cd8ec5a6357f50ea4d5b2c476d6",2,NA,NA,"fewer than 3 occurrences",NA,"n.s."
"8203043dde40c12fc9372048cd1579e044585045",1,NA,NA,"fewer than 3 occurrences",NA,"n.s."
"8245661d3dc08917ae7694772eaba1cb77d18a1a",1,NA,NA,"fewer than 3 occurrences",NA,"n.s."
"82da74acbbe570bf9e6f85b42638ee7141763dad",2,NA,NA,"fewer than 3 occurrences",NA,"n.s."
"84071cfba7cf5834e6e57a84d91a4c94baf6a854",2,NA,NA,"fewer than 3 occurrences",NA,"n.s."
"8511352ac9866f39a2e152e1369f7a035ccaa8b1",2,NA,NA,"fewer than 3 occurrences",NA,"n.s."
"89397a5adad236d54330e1e8359db350a66216ad",1,NA,NA,"fewer than 3 occurrences",NA,"n.s."
"8960040cddedc216138f8eec5a0490d1ed6845d8",1,NA,NA,"fewer than 3 occurrences",NA,"n.s."
"89958ca9ac559b2ced6f54e7f89e24e52fa77437",2,NA,NA,"fewer than 3 occurrences",NA,"n.s."
"8e817f07b0a3b69d11fbcd8cebaead0c934fb028",1,NA,NA,"fewer than 3 occurrences",NA,"n.s."
"8e97fd0cb22902a4b55cdfbce71d7bead27047bc",1,NA,NA,"fewer than 3 occurrences",NA,"n.s."
"8f147820f82b72965759c4a60d6dd587a59fd74c",2,NA,NA,"fewer than 3 occurrences",NA,"n.s."
"8f51b4ddbbd5b0229bdeb7c90b712135817796c3",1,NA,NA,"fewer than 3 occurrences",NA,"n.s."
"901848bea8c647fe78b2aaaa9b03318488a102ed",2,NA,NA,"fewer than 3 occurrences",NA,"n.s."
"90cee8b3e8335dc41a9e941e8d170e38054060f9",2,NA,NA,"fewer than 3 occurrences",NA,"n.s."
"9198450788b31b1678c71b09cb830575b93fc490",2,NA,NA,"fewer than 3 occurrences",NA,"n.s."
"91a28ba7afa6be0daa9f2cfee591dd1285ed878a",2,NA,NA,"fewer than 3 occurrences",NA,"n.s."
"93a84babdb5dad4adcf72ce55036f7530c835826",1,NA,NA,"fewer than 3 occurrences",NA,"n.s."
"93be79dd3c389415181656a33c4d38cf06c8e8ae",2,NA,NA,"fewer than 3 occurrences",NA,"n.s."
"93e39fc655af67f58fec6c9d62decace302bcb8c",1,NA,NA,"fewer than 3 occurrences",NA,"n.s."
"958a59d1e48454d285ce98561ae1a1b41added2b",2,NA,NA,"fewer than 3 occurrences",NA,"n.s."
"95dcad63a5aeebf8566bf50ea472cf8b22665a58",1,NA,NA,"fewer than 3 occurrences",NA,"n.s."
"967bbdae44ac552cf0d97e3bd82a4207ae8b9645",2,NA,NA,"fewer than 3 occurrences",NA,"n.s."
"96ca791e72b3756df4fc02c3c0b08c461a6970f6",1,NA,NA,"fewer than 3 occurrences",NA,"n.s."
"9766a99913f69a41f1abf296fb25c38284983220",1,NA,NA,"fewer than 3 occurrences",NA,"n.s."
"97fe278255bf69052a11736ecb048f40e6165ad9",2,NA,NA,"fewer than 3 occurrences",NA,"n.s."
"997dbb80eefa6631cb671cff8c131462faee1594",1,NA,NA,"fewer than 3 occurrences",NA,"n.s."
"99c24514a879a1f5fea3dfdbf737658648ff0285",1,NA,NA,"fewer than 3 occurrences",NA,"n.s."
"9a4cf7d484c300b783350e0d3eaa146320521717",1,NA,NA,"fewer than 3 occurrences",NA,"n.s."
"9ba02ebd39c9804f88016fbbd978e072fb1e8eb5",2,NA,NA,"fewer than 3 occurrences",NA,"n.s."
"9e94b3e60ddfcb83bffd45404472f9ea3bbfe85c",1,NA,NA,"fewer than 3 occurrences",NA,"n.s."
"9eab68d0854260cac1c5d843c59d9240dfb12607",2,NA,NA,"fewer than 3 occurrences",NA,"n.s."
"a04c30cdba9cb78946fbdefedc75d7002b5716c9",2,NA,NA,"fewer than 3 occurrences",NA,"n.s."
"a26273163ae0c3b1ff8dd3f9905200ca31a174ab",1,NA,NA,"fewer than 3 occurrences",NA,"n.s."
"a33405cf4edd4fd6b9709d80e385e5b0a31fca9a",1,NA,NA,"fewer than 3 occurrences",NA,"n.s."
"a382fffc67ff22786a60fccc5521218467504eb8",1,NA,NA,"fewer than 3 occurrences",NA,"n.s."
"a4b6af5a39bc2d8e090acdefa3cfe4831c8c6390",1,NA,NA,"fewer than 3 occurrences",NA,"n.s."
"a50b0e28fb54b26663e390fbcfbf194cc4f59449",2,NA,NA,"fewer than 3 occurrences",NA,"n.s."
"a61f78acbf0edb9011040158cc91451ca321d343",1,NA,NA,"fewer than 3 occurrences",NA,"n.s."
"a685142238dc1bcf6c2db9cc180a233a908ccbdb",1,NA,NA,"fewer than 3 occurrences",NA,"n.s."
"a928ac3ea2b141076244c175cf786d9b8eeaf2f9",1,NA,NA,"fewer than 3 occurrences",NA,"n.s."
"a962acd9e6cea57464f80e475bddc82cb70ea755",2,NA,NA,"fewer than 3 occurrences",NA,"n.s."
"ac98a86fd8e3ccd9abe1da4a4a0415759f8bef32",2,NA,NA,"fewer than 3 occurrences",NA,"n.s."
"acb5eef7ec4f3ce6420484784cd1a1f1ce23d22e",1,NA,NA,"fewer than 3 occurrences",NA,"n.s."
"adeb563b05896a0bd4ad350c5b80fcfbae0d83c6",1,NA,NA,"fewer than 3 occurrences",NA,"n.s."
"ae779454711a5fd3d9facf296a1278e6733525c8",1,NA,NA,"fewer than 3 occurrences",NA,"n.s."
"af265b47359e3667c213b21ff9e0e521d6707143",2,NA,NA,"fewer than 3 occurrences",NA,"n.s."
"afec7113e97242fbbf3a2e6e6e4d898dbef44891",2,NA,NA,"fewer than 3 occurrences",NA,"n.s."
"aff664fd95c8cf71731b495391516b5f143b28a3",1,NA,NA,"fewer than 3 occurrences",NA,"n.s."
"b0c4cf19969c5ac5cf1ce7fcdc3d1d22df3e8185",2,NA,NA,"fewer than 3 occurrences",NA,"n.s."
"b1bcc987f2742ac6755c6d58cf996c277f9783fc",1,NA,NA,"fewer than 3 occurrences",NA,"n.s."
"b20d310459be1b77c37face3cdbf47c369a57b86",1,NA,NA,"fewer than 3 occurrences",NA,"n.s."
"b244ea07667b3e3d3b23ab1cde0fb60a769dc027",1,NA,NA,"fewer than 3 occurrences",NA,"n.s."
"b290193ccec1436330349667f170e3fd37e42022",1,NA,NA,"fewer than 3 occurrences",NA,"n.s."
"b2a5cdcb9da874cda92e7047ab919a477940ea8f",1,NA,NA,"fewer than 3 occurrences",NA,"n.s."
"b3fc8b615d4fa7762a85a56588d95deab3c32ec3",1,NA,NA,"fewer than 3 occurrences",NA,"n.s."
"b45c89dbc28ef1203256f953da4d512cc0dc4c65",1,NA,NA,"fewer than 3 occurrences",NA,"n.s."
"b497dcb9c76e6c816753aaa63c5cddec74981f75",1,NA,NA,"fewer than 3 occurrences",NA,"n.s."
"b4a0d2224430daacdac8b148977bfe3466a290b3",1,NA,NA,"fewer than 3 occurrences",NA,"n.s."
"b5b2d63d51d362b51600b53921ef172d9e893a10",2,NA,NA,"fewer than 3 occurrences",NA,"n.s."
"b75eeb52f7051caeb022337d08fc24f26c5dfb8a",1,NA,NA,"fewer than 3 occurrences",NA,"n.s."
"b80981154dc70da0f9aa862e28d7000db54252db",1,NA,NA,"fewer than 3 occurrences",NA,"n.s."
"b8f18744b02f236b83bf4402426f352bdd0236fb",2,NA,NA,"fewer than 3 occurrences",NA,"n.s."
"b9a5e77f2f5afbe385aed626b788c726d80ab521",1,NA,NA,"fewer than 3 occurrences",NA,"n.s."
"ba081074a504a817acef2c561206e2c21cc80b53",2,NA,NA,"fewer than 3 occurrences",NA,"n.s."
"bbb0d710eca9934015b629e8a0df1995e07f4800",1,NA,NA,"fewer than 3 occurrences",NA,"n.s."
"bd5b8754ff9313790118ed2148806b765bd413ac",1,NA,NA,"fewer than 3 occurrences",NA,"n.s."
"bd95be156287e2e98a2009590e782219c474b07f",1,NA,NA,"fewer than 3 occurrences",NA,"n.s."
"be16ff086916b81c03604f8998ab84c52bf4ffef",2,NA,NA,"fewer than 3 occurrences",NA,"n.s."
"bf47ed7ce3d5af90194e3f227ec5ddbd603eaa13",1,NA,NA,"fewer than 3 occurrences",NA,"n.s."
"bf9acc89b9caf480518591a3fd917fdda8d2c3c6",1,NA,NA,"fewer than 3 occurrences",NA,"n.s."
"c0199846deb7ae626609ebc87c61d02c8cc1663e",2,NA,NA,"fewer than 3 occurrences",NA,"n.s."
"c0a1f5388901d8ff7aa355e208c953210f291abb",1,NA,NA,"fewer than 3 occurrences",NA,"n.s."
"c18ce83d4f23b4553c763be7ab0a5ff6a43c66d1",1,NA,NA,"fewer than 3 occurrences",NA,"n.s."
"c2f5db4013a625fc3e88a2714aa0f7be5268b88c",1,NA,NA,"fewer than 3 occurrences",NA,"n.s."
"c63886e2c5a110b8d458d17cd62741d86920fb55",2,NA,NA,"fewer than 3 occurrences",NA,"n.s."
"c7055262de7a52984051e1a40195a49b42609444",1,NA,NA,"fewer than 3 occurrences",NA,"n.s."
"c7060edb94abcbbe1bca83e3180934a0fd9592c1",1,NA,NA,"fewer than 3 occurrences",NA,"n.s."
"c7df64248bfe2c53ce767f204acf623136523df7",1,NA,NA,"fewer than 3 occurrences",NA,"n.s."
"c8614d74f5e625bd11c06d67fec0c475a5179a75",2,NA,NA,"fewer than 3 occurrences",NA,"n.s."
"c8fafa2e8afc9ae04c678f01656d712435dbadf5",1,NA,NA,"fewer than 3 occurrences",NA,"n.s."
"c99f5e91b1a4065127a003059782d482cf4250e1",1,NA,NA,"fewer than 3 occurrences",NA,"n.s."
"cb953bb741dfa33188c88358ffe69249e45353d6",1,NA,NA,"fewer than 3 occurrences",NA,"n.s."
"cba88fd852da8d7fe7bf128af32605ca719564ea",1,NA,NA,"fewer than 3 occurrences",NA,"n.s."
"cc3dc77ef5a839a1b219a16edc3523c91ded0d03",1,NA,NA,"fewer than 3 occurrences",NA,"n.s."
"ccb635a3b740c74f268b64472a9f57c2c08d270c",1,NA,NA,"fewer than 3 occurrences",NA,"n.s."
"ccc4cc1f4029aa23e85080c2c7df7171e1ed3b51",1,NA,NA,"fewer than 3 occurrences",NA,"n.s."
"ce4160bcea5038b38ca2189f8c7dceaca6f487eb",2,NA,NA,"fewer than 3 occurrences",NA,"n.s."
"cf14afc40d98423fef92b075d66362d2790c39d6",2,NA,NA,"fewer than 3 occurrences",NA,"n.s."
"cf3f5c837b0caceb02267559f512212452c849f5",2,NA,NA,"fewer than 3 occurrences",NA,"n.s."
"cf94fae8c850bbc72698c9365e6f34beff0b7212",1,NA,NA,"fewer than 3 occurrences",NA,"n.s."
"d07db96e88d572e28da7958a505d4feb6a459f41",2,NA,NA,"fewer than 3 occurrences",NA,"n.s."
"d175bb57a6fa8dfdc5cca971207cb3af6f3bc575",2,NA,NA,"fewer than 3 occurrences",NA,"n.s."
"d537b0027722035c6b34917c6806da95a92be478",2,NA,NA,"fewer than 3 occurrences",NA,"n.s."
"d61e169f6e7ff27c1908aa076e179c36eebcb9f4",2,NA,NA,"fewer than 3 occurrences",NA,"n.s."
"d8188c56f2c48a5513b32f961b4c24306c9e4001",1,NA,NA,"fewer than 3 occurrences",NA,"n.s."
"d8613bb140a91850d7a77ea93d5e023b81cf43f0",2,NA,NA,"fewer than 3 occurrences",NA,"n.s."
"d98557068945393569e71ab607898ba5291e51db",2,NA,NA,"fewer than 3 occurrences",NA,"n.s."
"d9b5235402d8be5732d42145f29d8a8514b07b32",2,NA,NA,"fewer than 3 occurrences",NA,"n.s."
"dc60790bb66e9bc4294a4161ec78a7989a7413e8",2,NA,NA,"fewer than 3 occurrences",NA,"n.s."
"dd65da445c4fac6d2f2f586e0ad4b0829d5bcff4",1,NA,NA,"fewer than 3 occurrences",NA,"n.s."
"df6cf87ea910c1a01c3c2701771fda04376972d0",1,NA,NA,"fewer than 3 occurrences",NA,"n.s."
"e00f4aaefa6f9e4b4c180717b98318b726947941",1,NA,NA,"fewer than 3 occurrences",NA,"n.s."
"e19bbf86167296b9d4b8dffbec4de0d212b5bc70",1,NA,NA,"fewer than 3 occurrences",NA,"n.s."
"e2e01b6f7a40fd4ac407f05b63fe8a131862b065",1,NA,NA,"fewer than 3 occurrences",NA,"n.s."
"e4bfeadaaecf6ca406efdfb81e9169bc3690dca0",1,NA,NA,"fewer than 3 occurrences",NA,"n.s."
"e4f03aadaac7788414daf3249c819a48bbeb2d0a",1,NA,NA,"fewer than 3 occurrences",NA,"n.s."
"e5bd97083460ffc5948db9739404a2ebc782e050",1,NA,NA,"fewer than 3 occurrences",NA,"n.s."
"e6f6b9f3ef7be2ce03789c58daef77d2f6005df6",2,NA,NA,"fewer than 3 occurrences",NA,"n.s."
"e8f9d9942206a8b30bb2bbcb5ec7caf36072f793",2,NA,NA,"fewer than 3 occurrences",NA,"n.s."
"ea3bbad63d4a1ebab8ca04bf11357afdc2d9b377",2,NA,NA,"fewer than 3 occurrences",NA,"n.s."
"ed7820ea8fb6b6a5219025bd2f6494d8fc4fb7da",1,NA,NA,"fewer than 3 occurrences",NA,"n.s."
"ee9773aace58ca9adf0c20eb67d49d0dcf3b5e57",2,NA,NA,"fewer than 3 occurrences",NA,"n.s."
"f1dca3f529728377e81b5d72d2d0e43c7d7cf09e",2,NA,NA,"fewer than 3 occurrences",NA,"n.s."
"f36229d064c9f567bf4abb1519c189bd50bbeeb0",1,NA,NA,"fewer than 3 occurrences",NA,"n.s."
"f68cf4fbc8b387d3fff90179d4f8dc07ab9d4637",2,NA,NA,"fewer than 3 occurrences",NA,"n.s."
"f7ee3c27dd2fa2fa53ccb624e66d8c3bca5c025f",2,NA,NA,"fewer than 3 occurrences",NA,"n.s."
"f9a1a721f79fea3b84d085b72d9d5d392e5428fd",2,NA,NA,"fewer than 3 occurrences",NA,"n.s."
"fa7661d13a6a37e764cd9a3898db1382b155c897",1,NA,NA,"fewer than 3 occurrences",NA,"n.s."
"fbe3af0d82a174eb6453504cde66e00795ae7145",2,NA,NA,"fewer than 3 occurrences",NA,"n.s."
"fd1f7ef81e3ff59d0b5ee374878771b01364d269",2,NA,NA,"fewer than 3 occurrences",NA,"n.s."
